"Entity","GeneratedFile","PropertyCount","Properties","UsedInApp"
"Adicional","MAT.Entities\AdicionalBase.generated.cs","1","AdicionalId","AdicionalId"
"AuditFactura","MAT.Entities\AuditFacturaBase.generated.cs","1","Id","Id"
"Butaca","MAT.Entities\ButacaBase.generated.cs","1","ButacaId","ButacaId"
"Ciudad","MAT.Entities\CiudadBase.generated.cs","1","CiudadId",""
"Cliente","MAT.Entities\ClienteBase.generated.cs","1","ClienteId","ClienteId"
"Cuenta","MAT.Entities\CuentaBase.generated.cs","1","CuentaId","CuentaId"
"CuentaCorriente","MAT.Entities\CuentaCorrienteBase.generated.cs","1","CuentaCorrienteId","CuentaCorrienteId"
"Debito","MAT.Entities\DebitoBase.generated.cs","1","DebitoId","DebitoId"
"Departamento","MAT.Entities\DepartamentoBase.generated.cs","1","Id","Id"
"Destino","MAT.Entities\DestinoBase.generated.cs","1","DestinoId","DestinoId"
"EstadoPasaje","MAT.Entities\EstadoPasajeBase.generated.cs","1","Id","Id"
"Excursion","MAT.Entities\ExcursionBase.generated.cs","1","ExcursionId","ExcursionId"
"Factura","MAT.Entities\FacturaBase.generated.cs","1","FacturaId","FacturaId"
"Habitacion","MAT.Entities\HabitacionBase.generated.cs","1","HabitacionId","HabitacionId"
"HabitacionTipo","MAT.Entities\HabitacionTipoBase.generated.cs","1","Id","Id"
"Historial","MAT.Entities\HistorialBase.generated.cs","1","HistorialId",""
"Hotel","MAT.Entities\HotelBase.generated.cs","1","HotelId","HotelId"
"Localidad","MAT.Entities\LocalidadBase.generated.cs","1","Id","Id"
"MovimientoCuenta","MAT.Entities\MovimientoCuentaBase.generated.cs","1","MovimientoId","MovimientoId"
"Nota","MAT.Entities\NotaBase.generated.cs","1","NotaId","NotaId"
"Pago","MAT.Entities\PagoBase.generated.cs","1","PagoId","PagoId"
"Pais","MAT.Entities\PaisBase.generated.cs","1","PaisId","PaisId"
"PaqueteAdicional","MAT.Entities\PaqueteAdicionalBase.generated.cs","1","PaqueteAdicionalId",""
"Paquete","MAT.Entities\PaqueteBase.generated.cs","1","PaqueteId","PaqueteId"
"PaqueteExcursion","MAT.Entities\PaqueteExcursionBase.generated.cs","1","PaqueteExcursionId",""
"PaquetePrecio","MAT.Entities\PaquetePrecioBase.generated.cs","1","PaquetePrecioId",""
"PaqueteServicio","MAT.Entities\PaqueteServicioBase.generated.cs","1","PaqueteServicioId",""
"PasajeAdicional","MAT.Entities\PasajeAdicionalBase.generated.cs","1","PasajeAdicionalId",""
"Pasaje","MAT.Entities\PasajeBase.generated.cs","1","PasajeId","PasajeId"
"Pasajero","MAT.Entities\PasajeroBase.generated.cs","1","PasajeroId","PasajeroId"
"PasajeroMenor","MAT.Entities\PasajeroMenorBase.generated.cs","1","Id","Id"
"Persona","MAT.Entities\PersonaBase.generated.cs","1","PersonaId","PersonaId"
"Planilla","MAT.Entities\PlanillaBase.generated.cs","1","PlanillaId",""
"PlanillaHabitacionItem","MAT.Entities\PlanillaHabitacionItemBase.generated.cs","1","PlanillaHabitacionItemId",""
"PlanillaServicio","MAT.Entities\PlanillaServicioBase.generated.cs","1","PlanillaServicioId",""
"PlanillaServicioItem","MAT.Entities\PlanillaServicioItemBase.generated.cs","1","PlanillaServicioItemId",""
"Precio","MAT.Entities\PrecioBase.generated.cs","1","PrecioId","PrecioId"
"PrecioHabitacion","MAT.Entities\PrecioHabitacionBase.generated.cs","1","PrecioHabitacionId",""
"PrecioServicio","MAT.Entities\PrecioServicioBase.generated.cs","1","PrecioServicioId",""
"Proveedor","MAT.Entities\ProveedorBase.generated.cs","1","ProveedorId","ProveedorId"
"Provincia","MAT.Entities\ProvinciaBase.generated.cs","1","Id","Id"
"ReservaHabitacion","MAT.Entities\ReservaHabitacionBase.generated.cs","1","ReservaHabitacionId",""
"Servicio","MAT.Entities\ServicioBase.generated.cs","1","ServicioId","ServicioId"
"TipoCliente","MAT.Entities\TipoClienteBase.generated.cs","1","TipoId","TipoId"
"Transporte","MAT.Entities\TransporteBase.generated.cs","1","TransporteId","TransporteId"
"Vendedor","MAT.Entities\VendedorBase.generated.cs","1","VendedorId","VendedorId"
"Viaje","MAT.Entities\ViajeBase.generated.cs","1","ViajeId","ViajeId"
"ViajeHotel","MAT.Entities\ViajeHotelBase.generated.cs","1","ViajeHotelId",""
"Voucher","MAT.Entities\VoucherBase.generated.cs","1","VoucherId","VoucherId"
"DatosPaquete","MAT.Entities\Views\DatosPaqueteBase.generated.cs","22","ViajeId;ViajeOrigen;ViajeFechaSalida;ViajeHoraSalida;ViajePaisOrigen;ViajePaisDestino;ViajePaso;ViajeMedio;PaqueteId;Descripcion;Precio;Moneda;Iva;Alicuota;Temporada;Cotizacion;Codigo;DestinoId;Nombre;DescripcionServicio;PrecioServicio;MonedaServicio","ViajeId;ViajeFechaSalida;ViajeHoraSalida;ViajeMedio;PaqueteId;Descripcion;Precio;Moneda;Iva;Alicuota;Temporada;Cotizacion;Codigo;DestinoId;Nombre"
"PasajeroViaje","MAT.Entities\Views\PasajeroViajeBase.generated.cs","21","Nro;ViajeId;PersonaId;BusId;Apellido;Nombre;TipoDocumento;NroDocumento;Telefono;Email;FechaNacimiento;Sexo;LocalidadId;Nacionalidad;PaisResidencia;Domicilio;Ocupacion;Pasaporte;VencimientoPasaporte;EmisionPasaporte;PaisOrigen","ViajeId;PersonaId;BusId;Apellido;Nombre;TipoDocumento;NroDocumento;Telefono;Email;FechaNacimiento;Sexo;LocalidadId;Nacionalidad;PaisResidencia;Domicilio;Ocupacion;PaisOrigen"
"PersonaCliente","MAT.Entities\Views\PersonaClienteBase.generated.cs","30","PersonaId;Apellido;Nombre;NroDocumento;Telefono;Email;FechaNacimiento;Domicilio;Sexo;LocalidadId;ClienteId;RazonSocial;Cuit;Moneda;Empresa;Ocupacion;FormaPago;CondicionIva;VendedorId;Fax;Web;Idioma;Promotor;Observacion;TipoId;TipoDocumento;Celular;Nacionalidad;PaisResidencia;Provincia","PersonaId;Apellido;Nombre;NroDocumento;Telefono;Email;FechaNacimiento;Domicilio;Sexo;LocalidadId;ClienteId;RazonSocial;Cuit;Moneda;Empresa;Ocupacion;FormaPago;CondicionIva;VendedorId;Fax;Web;Idioma;Promotor;Observacion;TipoId;TipoDocumento;Celular;Nacionalidad;PaisResidencia;Provincia"
"PersonaPasajero","MAT.Entities\Views\PersonaPasajeroBase.generated.cs","16","PersonaId;Apellido;Nombre;NroDocumento;Telefono;Domicilio;Email;FechaNacimiento;Sexo;PasajeroId;Pasaporte;VencimientoPasaporte;EmisionPasaporte;PaisOrigen;LocalidadId;TipoDocumento","PersonaId;Apellido;Nombre;NroDocumento;Telefono;Domicilio;Email;FechaNacimiento;Sexo;PasajeroId;PaisOrigen;LocalidadId;TipoDocumento"
"PersonaProveedor","MAT.Entities\Views\PersonaProveedorBase.generated.cs","22","PersonaId;Apellido;Nombre;NroDocumento;LocalidadId;Telefono;Email;FechaNacimiento;Sexo;Domicilio;ProveedorId;RazonSocial;ProveedorLocalidadId;ProveedorTelefono;Fax;Web;ProveedorEmail;Idioma;CondicionIva;Cuit;FormaPago;TipoDocumento","PersonaId;Apellido;Nombre;NroDocumento;LocalidadId;Telefono;Email;FechaNacimiento;Sexo;Domicilio;ProveedorId;RazonSocial;Fax;Web;Idioma;CondicionIva;Cuit;FormaPago;TipoDocumento"
"PersonaVendedor","MAT.Entities\Views\PersonaVendedorBase.generated.cs","13","PersonaId;Apellido;Nombre;NroDocumento;Domicilio;Telefono;Email;FechaNacimiento;Sexo;LocalidadId;Descripcion;VendedorId;TipoDocumento","PersonaId;Apellido;Nombre;NroDocumento;Domicilio;Telefono;Email;FechaNacimiento;Sexo;LocalidadId;Descripcion;VendedorId;TipoDocumento"
"Reserva","MAT.Entities\Views\ReservaBase.generated.cs","10","PasajeId;FechaReserva;Apellido;Nombre;NroDocumento;ViajeId;Paquete;FacturaId;ClienteId;TipoCliente","PasajeId;FechaReserva;Apellido;Nombre;NroDocumento;ViajeId;Paquete;FacturaId;ClienteId"
"VConsultaReservaHabitacion","MAT.Entities\Views\VConsultaReservaHabitacionBase.generated.cs","9","ReservaHabitacionId;HotelId;Expiro;HabitacionId;Capacidad;Ocupacion;Estado;Desde;Hasta","HotelId;HabitacionId;Capacidad;Ocupacion;Estado;Desde;Hasta"
"VLocalidad","MAT.Entities\Views\VLocalidadBase.generated.cs","2","Id;Nombre","Id;Nombre"
"VPersona","MAT.Entities\Views\VPersonaBase.generated.cs","15","PersonaId;Apellido;Nombre;TipoDocumento;NroDocumento;Telefono;Email;FechaNacimiento;LocalidadId;UserId;Domicilio;Ocupacion;Nacionalidad;PaisResidencia;Sexo","PersonaId;Apellido;Nombre;TipoDocumento;NroDocumento;Telefono;Email;FechaNacimiento;LocalidadId;UserId;Domicilio;Ocupacion;Nacionalidad;PaisResidencia;Sexo"
